category,family,provider,form,rank_index,spell_id,resolved_name,resolved_rank,strength,agility,stamina,intellect,spirit,attack_power,spell_power,armor,all_stats_flat,all_stats_percent,mana_per_5,resource_cost_reduction_percent,arcane_resistance,fire_resistance,frost_resistance,nature_resistance,shadow_resistance,all_resistances,effect_summary,parse_status,verification_status,notes
strength,honor,GUARDIAN,single,1,300856,Honor,Rank 1,4,,,,,,,,,,,,,,,,,,Strength 4,parsed,tooltip_unverified,
strength,honor,GUARDIAN,single,2,301228,Honor,Rank 2,20,,,,,,,,,,,,,,,,,,Strength 20,parsed,tooltip_unverified,
strength,honor,GUARDIAN,single,3,301229,Honor,Rank 3,28,,,,,,,,,,,,,,,,,,Strength 28,parsed,tooltip_unverified,
strength,honor,GUARDIAN,single,4,301230,Honor,Rank 4,36,,,,,,,,,,,,,,,,,,Strength 36,parsed,tooltip_unverified,
strength,honor,GUARDIAN,single,5,301231,Honor,Rank 5,61,,,,,,,,,,,,,,,,,,Strength 61,parsed,tooltip_unverified,
strength,honor,GUARDIAN,single,6,301232,Honor,Rank 6,77,,,,,,,,,,,,,,,,,,Strength 77,parsed,tooltip_unverified,
strength,honor,GUARDIAN,greater,1,680280,Greater Honor,,77,,,,,,,,,,,,,,,,,,Strength 77,parsed,tooltip_unverified,
strength,riteOfPower,REAPER,single,1,578126,Rite of Power,Rank 1,20,,,,,,,,,,,,,,,,,,Strength 20,parsed,tooltip_unverified,
strength,riteOfPower,REAPER,single,2,578127,Rite of Power,Rank 2,36,,,,,,,,,,,,,,,,,,Strength 36,parsed,tooltip_unverified,
strength,riteOfPower,REAPER,single,3,578128,Rite of Power,Rank 3,61,,,,,,,,,,,,,,,,,,Strength 61,parsed,tooltip_unverified,
strength,riteOfPower,REAPER,single,4,578129,Rite of Power,Rank 4,77,,,,,,,,,,,,,,,,,,Strength 77,parsed,tooltip_unverified,
strength,riteOfPower,REAPER,greater,1,578130,Greater Rite of Power,,77,,,,,,,,,,,,,,,,,,Strength 77,parsed,tooltip_unverified,
strength,markOfKorthazz,FLESHWARDEN,single,1,706589,Mark of Korth'azz,Rank 1,3,,,,,,,,,,,,,5,,,,,Strength 3; Fire Resist 5,parsed,tooltip_unverified,
strength,markOfKorthazz,FLESHWARDEN,single,2,707341,Mark of Korth'azz,Rank 2,27,,,,,,,,,,,,,23,,,,,Strength 27; Fire Resist 23,parsed,tooltip_unverified,
strength,markOfKorthazz,FLESHWARDEN,single,3,707342,Mark of Korth'azz,Rank 3,33,,,,,,,,,,,,,30,,,,,Strength 33; Fire Resist 30,parsed,tooltip_unverified,
strength,markOfKorthazz,FLESHWARDEN,single,4,707343,Mark of Korth'azz,Rank 4,43,,,,,,,,,,,,,35,,,,,Strength 43; Fire Resist 35,parsed,tooltip_unverified,
strength,markOfKorthazz,FLESHWARDEN,single,5,707344,Mark of Korth'azz,Rank 5,61,,,,,,,,,,,,,43,,,,,Strength 61; Fire Resist 43,parsed,tooltip_unverified,
strength,markOfKorthazz,FLESHWARDEN,single,6,707345,Mark of Korth'azz,Rank 6,77,,,,,,,,,,,,,54,,,,,Strength 77; Fire Resist 54,parsed,tooltip_unverified,
strength,markOfKorthazz,FLESHWARDEN,greater,1,680300,Greater Mark of Korth’azz,,77,,,,,,,,,,,,,60,,,,,Strength 77; Fire Resist 60,parsed,tooltip_unverified,
stamina,enduringShout,BARBARIAN,greater,1,680302,Enduring Shout,Rank 1,,,20,,,,,,,,,,,,,,,,Stamina 20,parsed,tooltip_unverified,
stamina,enduringShout,BARBARIAN,greater,2,681439,Enduring Shout,Rank 2,,,32,,,,,,,,,,,,,,,,Stamina 32,parsed,tooltip_unverified,
stamina,enduringShout,BARBARIAN,greater,3,681440,Enduring Shout,Rank 3,,,43,,,,,,,,,,,,,,,,Stamina 43,parsed,tooltip_unverified,
stamina,enduringShout,BARBARIAN,greater,4,681441,Enduring Shout,Rank 4,,,54,,,,,,,,,,,,,,,,Stamina 54,parsed,tooltip_unverified,
stamina,foulMandate,NECROMANCER,single,1,800199,Foul Mandate,Rank 1,,,8,,,,,,,,,,,,,,,,Stamina 8,parsed,tooltip_unverified,
stamina,foulMandate,NECROMANCER,single,2,573295,Foul Mandate,Rank 2,,,20,,,,,,,,,,,,,,,,Stamina 20,parsed,tooltip_unverified,
stamina,foulMandate,NECROMANCER,single,3,573296,Foul Mandate,Rank 3,,,32,,,,,,,,,,,,,,,,Stamina 32,parsed,tooltip_unverified,
stamina,foulMandate,NECROMANCER,single,4,573297,Foul Mandate,Rank 4,,,43,,,,,,,,,,,,,,,,Stamina 43,parsed,tooltip_unverified,
stamina,foulMandate,NECROMANCER,single,5,573298,Foul Mandate,Rank 5,,,54,,,,,,,,,,,,,,,,Stamina 54,parsed,tooltip_unverified,
stamina,foulMandate,NECROMANCER,greater,1,680286,Greater Foul Mandate,,,,54,,,,,,,,,,,,,,,,Stamina 54,parsed,tooltip_unverified,
stamina,riteOfResolve,REAPER,single,1,800198,Rite of Resolve,Rank 1,,,4,,,,,,,,,,,,,,,,Stamina 4,parsed,tooltip_unverified,
stamina,riteOfResolve,REAPER,single,2,803310,Rite of Resolve,Rank 2,,,8,,,,,,,,,,,,,,,,Stamina 8,parsed,tooltip_unverified,
stamina,riteOfResolve,REAPER,single,3,803311,Rite of Resolve,Rank 3,,,20,,,,,,,,,,,,,,,,Stamina 20,parsed,tooltip_unverified,
stamina,riteOfResolve,REAPER,single,4,803312,Rite of Resolve,Rank 4,,,32,,,,,,,,,,,,,,,,Stamina 32,parsed,tooltip_unverified,
stamina,riteOfResolve,REAPER,single,5,803313,Rite of Resolve,Rank 5,,,43,,,,,,,,,,,,,,,,Stamina 43,parsed,tooltip_unverified,
stamina,riteOfResolve,REAPER,single,6,803314,Rite of Resolve,Rank 6,,,54,,,,,,,,,,,,,,,,Stamina 54,parsed,tooltip_unverified,
stamina,riteOfResolve,REAPER,greater,1,680298,Greater Rite of Resolve,,,,54,,,,,,,,,,,,,,,,Stamina 54,parsed,tooltip_unverified,
stamina,markOfRivendare,FLESHWARDEN,single,1,803667,Mark of Rivendare,Rank 1,,,32,,,,,,,,,,,,25,,,,Stamina 32; Frost Resist 25,parsed,tooltip_unverified,
stamina,markOfRivendare,FLESHWARDEN,single,2,803668,Mark of Rivendare,Rank 2,,,43,,,,,,,,,,,,35,,,,Stamina 43; Frost Resist 35,parsed,tooltip_unverified,
stamina,markOfRivendare,FLESHWARDEN,single,3,803669,Mark of Rivendare,Rank 3,,,43,,,,,,,,,,,,45,,,,Stamina 43; Frost Resist 45,parsed,tooltip_unverified,
stamina,markOfRivendare,FLESHWARDEN,single,4,803670,Mark of Rivendare,Rank 4,,,54,,,,,,,,,,,,60,,,,Stamina 54; Frost Resist 60,parsed,tooltip_unverified,
stamina,markOfRivendare,FLESHWARDEN,greater,1,803730,Greater Mark of Rivendare,,,,54,,,,,,,,,,,,60,,,,Stamina 54; Frost Resist 60,parsed,tooltip_unverified,
stamina,sanguinaryOffering,SONOFARUGAL,single,1,706630,Sanguinary Offering,Rank 1,,,8,,,,,,,,,,,,,,,,Stamina 8,parsed,tooltip_unverified,
stamina,sanguinaryOffering,SONOFARUGAL,single,2,707336,Sanguinary Offering,Rank 2,,,20,,,,,,,,,,,,,,,,Stamina 20,parsed,tooltip_unverified,
stamina,sanguinaryOffering,SONOFARUGAL,single,3,707337,Sanguinary Offering,Rank 3,,,32,,,,,,,,,,,,,,,,Stamina 32,parsed,tooltip_unverified,
stamina,sanguinaryOffering,SONOFARUGAL,single,4,707338,Sanguinary Offering,Rank 4,,,43,,,,,,,,,,,,,,,,Stamina 43,parsed,tooltip_unverified,
stamina,sanguinaryOffering,SONOFARUGAL,single,5,707339,Sanguinary Offering,Rank 5,,,54,,,,,,,,,,,,,,,,Stamina 54,parsed,tooltip_unverified,
stamina,sanguinaryOffering,SONOFARUGAL,single,6,707340,Sanguinary Offering,Rank 6,,,79,,,,,,,,,,,,,,,,Stamina 79,parsed,tooltip_unverified,
stamina,sanguinaryOffering,SONOFARUGAL,greater,1,680299,Greater Sanguinary Offering,,,,54,,,,,,,,,,,,,,,,Stamina 54,parsed,tooltip_unverified,
agility,brutalShout,BARBARIAN,greater,1,300857,Brutal Shout,Rank 1,,4,,,,,,,,,,,,,,,,,Agility 4,parsed,tooltip_unverified,
agility,brutalShout,BARBARIAN,greater,2,300882,Brutal Shout,Rank 2,,8,,,,,,,,,,,,,,,,,Agility 8,parsed,tooltip_unverified,
agility,brutalShout,BARBARIAN,greater,3,300883,Brutal Shout,Rank 3,,20,,,,,,,,,,,,,,,,,Agility 20,parsed,tooltip_unverified,
agility,brutalShout,BARBARIAN,greater,4,300884,Brutal Shout,Rank 4,,36,,,,,,,,,,,,,,,,,Agility 36,parsed,tooltip_unverified,
agility,brutalShout,BARBARIAN,greater,5,300885,Brutal Shout,Rank 5,,54,,,,,,,,,,,,,,,,,Agility 54,parsed,tooltip_unverified,
agility,brutalShout,BARBARIAN,greater,6,300886,Brutal Shout,Rank 6,,77,,,,,,,,,,,,,,,,,Agility 77,parsed,tooltip_unverified,
agility,brutalShout,BARBARIAN,greater,7,300887,Brutal Shout,Rank 7,,86,,,,,,,,,,,,,,,,,Agility 86,parsed,tooltip_unverified,
agility,illidariIntuition,DEMONHUNTER,single,1,800212,Illidari Intuition,Rank 1,,20,,,,,,,,,,,,,,,,,Agility 20,parsed,tooltip_unverified,
agility,illidariIntuition,DEMONHUNTER,single,2,501326,Illidari Intuition,Rank 2,,28,,,,,,,,,,,,,,,,,Agility 28,parsed,tooltip_unverified,
agility,illidariIntuition,DEMONHUNTER,single,3,501327,Illidari Intuition,Rank 3,,36,,,,,,,,,,,,,,,,,Agility 36,parsed,tooltip_unverified,
agility,illidariIntuition,DEMONHUNTER,single,4,501328,Illidari Intuition,Rank 4,,61,,,,,,,,,,,,,,,,,Agility 61,parsed,tooltip_unverified,
agility,illidariIntuition,DEMONHUNTER,single,5,501329,Illidari Intuition,Rank 5,,77,,,,,,,,,,,,,,,,,Agility 77,parsed,tooltip_unverified,
agility,illidariIntuition,DEMONHUNTER,greater,1,680308,Greater Illidari Intuition,,,77,,,,,,,,,,,,,,,,,Agility 77,parsed,tooltip_unverified,
agility,etchingOfTheDextrous,SPIRITMAGE,single,1,561237,Etching of the Dextrous,Rank 1,,10,,,,,,,,,,,,,,,,,Agility 10,parsed,tooltip_unverified,
agility,etchingOfTheDextrous,SPIRITMAGE,single,2,561238,Etching of the Dextrous,Rank 2,,20,,,,,,,,,,,,,,,,,Agility 20,parsed,tooltip_unverified,
agility,etchingOfTheDextrous,SPIRITMAGE,single,3,561239,Etching of the Dextrous,Rank 3,,36,,,,,,,,,,,,,,,,,Agility 36,parsed,tooltip_unverified,
agility,etchingOfTheDextrous,SPIRITMAGE,single,4,561240,Etching of the Dextrous,Rank 4,,77,,,,,,,,,,,,,,,,,Agility 77,parsed,tooltip_unverified,
agility,etchingOfTheDextrous,SPIRITMAGE,greater,1,561241,Greater Etching of the Dextrous,,,77,,,,,,,,,,,,,,,,,Agility 77,parsed,tooltip_unverified,
agility,giftOfZeal,MONK,single,1,706634,Gift of Zeal,Rank 1,,3,,,,,,,,,,,,,,,,,Agility 3,parsed,tooltip_unverified,
agility,giftOfZeal,MONK,single,2,300916,Gift of Zeal,Rank 2,,8,,,,,,,,,,,,,,,,,Agility 8,parsed,tooltip_unverified,
agility,giftOfZeal,MONK,single,3,300917,Gift of Zeal,Rank 3,,20,,,,,,,,,,,,,,,,,Agility 20,parsed,tooltip_unverified,
agility,giftOfZeal,MONK,single,4,300918,Gift of Zeal,Rank 4,,36,,,,,,,,,,,,,,,,,Agility 36,parsed,tooltip_unverified,
agility,giftOfZeal,MONK,single,5,300919,Gift of Zeal,Rank 5,,54,,,,,,,,,,,,,,,,,Agility 54,parsed,tooltip_unverified,
agility,giftOfZeal,MONK,single,6,300923,Gift of Zeal,Rank 6,,77,,,,,,,,,,,,,,,,,Agility 77,parsed,tooltip_unverified,
agility,giftOfZeal,MONK,single,7,300924,Gift of Zeal,Rank 7,,86,,,,,,,,,,,,,,,,,Agility 86,parsed,tooltip_unverified,
agility,giftOfZeal,MONK,greater,1,680306,Greater Gift of Zeal,,,77,,,,,,,,,,,,,,,,,Agility 77,parsed,tooltip_unverified,
agility,inquisitorsEdict,WITCHHUNTER,single,1,706741,Inquisitor's Edict,Rank 1,,3,,,,,,,,,,,,,,,,,Agility 3,parsed,tooltip_unverified,
agility,inquisitorsEdict,WITCHHUNTER,single,2,707351,Inquisitor's Edict,Rank 2,,10,,,,,,,,,,,,,,,,,Agility 10,parsed,tooltip_unverified,
agility,inquisitorsEdict,WITCHHUNTER,single,3,707352,Inquisitor's Edict,Rank 3,,20,,,,,,,,,,,,,,,,,Agility 20,parsed,tooltip_unverified,
agility,inquisitorsEdict,WITCHHUNTER,single,4,707353,Inquisitor's Edict,Rank 4,,36,,,,,,,,,,,,,,,,,Agility 36,parsed,tooltip_unverified,
agility,inquisitorsEdict,WITCHHUNTER,single,5,707354,Inquisitor's Edict,Rank 5,,61,,,,,,,,,,,,,,,,,Agility 61,parsed,tooltip_unverified,
agility,inquisitorsEdict,WITCHHUNTER,single,6,707355,Inquisitor's Edict,Rank 6,,77,,,,,,,,,,,,,,,,,Agility 77,parsed,tooltip_unverified,
agility,inquisitorsEdict,WITCHHUNTER,single,7,707683,Inquisitor's Edict,Rank 7,,2,,,,,,,,,,,,,,,,,Agility 2,parsed,tooltip_unverified,
agility,inquisitorsEdict,WITCHHUNTER,single,8,707678,Inquisitor's Edict,Rank 7,,86,,,,,,,,,,,,,,,,,Agility 86,parsed,tooltip_unverified,
agility,inquisitorsEdict,WITCHHUNTER,single,9,707679,Inquisitor's Edict,Rank 8,,2,,,,,,,,,,,,,,,,,Agility 2,parsed,tooltip_unverified,
agility,inquisitorsEdict,WITCHHUNTER,single,10,707680,Inquisitor's Edict,Rank 9,,2,,,,,,,,,,,,,,,,,Agility 2,parsed,tooltip_unverified,
agility,inquisitorsEdict,WITCHHUNTER,single,11,707681,Inquisitor's Edict,Rank 10,,2,,,,,,,,,,,,,,,,,Agility 2,parsed,tooltip_unverified,
agility,inquisitorsEdict,WITCHHUNTER,single,12,707682,Inquisitor's Edict,Rank 11,,2,,,,,,,,,,,,,,,,,Agility 2,parsed,tooltip_unverified,
agility,inquisitorsEdict,WITCHHUNTER,greater,1,680303,Greater Inquisitor's Edict,,,77,,,,,,,,,,,,,,,,,Agility 77,parsed,tooltip_unverified,
agility,spiderPheromones,PROPHET,single,1,803177,Spider Pheromones,Rank 1,,6,,,,,,,,,,,,,,,,,Agility 6,parsed,tooltip_unverified,
agility,spiderPheromones,PROPHET,single,2,803306,Spider Pheromones,Rank 2,,20,,,,,,,,,,,,,,,,,Agility 20,parsed,tooltip_unverified,
agility,spiderPheromones,PROPHET,single,3,803307,Spider Pheromones,Rank 3,,28,,,,,,,,,,,,,,,,,Agility 28,parsed,tooltip_unverified,
agility,spiderPheromones,PROPHET,single,4,803308,Spider Pheromones,Rank 4,,36,,,,,,,,,,,,,,,,,Agility 36,parsed,tooltip_unverified,
agility,spiderPheromones,PROPHET,single,5,803309,Spider Pheromones,Rank 5,,61,,,,,,,,,,,,,,,,,Agility 61,parsed,tooltip_unverified,
agility,spiderPheromones,PROPHET,single,6,803650,Spider Pheromones,Rank 6,,77,,,,,,,,,,,,,,,,,Agility 77,parsed,tooltip_unverified,
agility,spiderPheromones,PROPHET,greater,1,680312,Greater Spider Pheromones,,,77,,,,,,,,,,,,,,,,,Agility 77,parsed,tooltip_unverified,
intellect,nozdormusWisdom,CHRONOMANCER,single,1,572391,Nozdormu's Wisdom,Rank 1,,,,2,,,,,,,,,,,,,,,Intellect 2,parsed,tooltip_unverified,
intellect,nozdormusWisdom,CHRONOMANCER,single,2,572392,Nozdormu's Wisdom,Rank 2,,,,7,,,,,,,,,,,,,,,Intellect 7,parsed,tooltip_unverified,
intellect,nozdormusWisdom,CHRONOMANCER,single,3,572393,Nozdormu's Wisdom,Rank 3,,,,15,,,,,,,,,,,,,,,Intellect 15,parsed,tooltip_unverified,
intellect,nozdormusWisdom,CHRONOMANCER,single,4,572394,Nozdormu's Wisdom,Rank 4,,,,25,,,,,,,,,,,,,,,Intellect 25,parsed,tooltip_unverified,
intellect,nozdormusWisdom,CHRONOMANCER,single,5,572395,Nozdormu's Wisdom,Rank 5,,,,31,,,,,,,,,,,,,,,Intellect 31,parsed,tooltip_unverified,
intellect,nozdormusWisdom,CHRONOMANCER,greater,1,572396,Greater Nozdormu's Wisdom,,,,,31,,,,,,,,,,,,,,,Intellect 31,parsed,tooltip_unverified,
intellect,sealOfAlysrazor,PYROMANCER,single,1,800196,Seal of Alysrazor,Rank 1,,,,2,,,,,,,,,,,,,,,Intellect 2,parsed,tooltip_unverified,
intellect,sealOfAlysrazor,PYROMANCER,single,2,802819,Seal of Alysrazor,Rank 2,,,,7,,,,,,,,,,,,,,,Intellect 7,parsed,tooltip_unverified,
intellect,sealOfAlysrazor,PYROMANCER,single,3,802820,Seal of Alysrazor,Rank 3,,,,15,,,,,,,,,,,,,,,Intellect 15,parsed,tooltip_unverified,
intellect,sealOfAlysrazor,PYROMANCER,single,4,802821,Seal of Alysrazor,Rank 4,,,,25,,,,,,,,,,,,,,,Intellect 25,parsed,tooltip_unverified,
intellect,sealOfAlysrazor,PYROMANCER,single,5,802822,Seal of Alysrazor,Rank 5,,,,31,,,,,,,,,,,,,,,Intellect 31,parsed,tooltip_unverified,
intellect,sealOfAlysrazor,PYROMANCER,greater,1,570170,Greater Seal of Alysrazor,,,,,31,,,,,,,,,,,,,,,Intellect 31,parsed,tooltip_unverified,
intellect,celestialMind,STARCALLER,single,1,300255,Celestial Mind,Rank 1,,,,3,,,,,,,,,,,,,,,Intellect 3,parsed,tooltip_unverified,
intellect,celestialMind,STARCALLER,single,2,301222,Celestial Mind,Rank 2,,,,7,,,,,,,,,,,,,,,Intellect 7,parsed,tooltip_unverified,
intellect,celestialMind,STARCALLER,single,3,301223,Celestial Mind,Rank 3,,,,15,,,,,,,,,,,,,,,Intellect 15,parsed,tooltip_unverified,
intellect,celestialMind,STARCALLER,single,4,301224,Celestial Mind,Rank 4,,,,22,,,,,,,,,,,,,,,Intellect 22,parsed,tooltip_unverified,
intellect,celestialMind,STARCALLER,single,5,301225,Celestial Mind,Rank 5,,,,31,,,,,,,,,,,,,,,Intellect 31,parsed,tooltip_unverified,
intellect,celestialMind,STARCALLER,greater,1,680301,Greater Celestial Mind,,,,,31,,,,,,,,,,,,,,,Intellect 31,parsed,tooltip_unverified,
intellect,callOfTheStorm,STORMBRINGER,single,1,578311,Call of the Storm,Rank 1,,,,3,,,,,,,,,,,,,,,Intellect 3,parsed,tooltip_unverified,
intellect,callOfTheStorm,STORMBRINGER,single,2,578312,Call of the Storm,Rank 2,,,,7,,,,,,,,,,,,,,,Intellect 7,parsed,tooltip_unverified,
intellect,callOfTheStorm,STORMBRINGER,single,3,578313,Call of the Storm,Rank 3,,,,15,,,,,,,,,,,,,,,Intellect 15,parsed,tooltip_unverified,
intellect,callOfTheStorm,STORMBRINGER,single,4,578314,Call of the Storm,Rank 4,,,,22,,,,,,,,,,,,,,,Intellect 22,parsed,tooltip_unverified,
intellect,callOfTheStorm,STORMBRINGER,single,5,578315,Call of the Storm,Rank 5,,,,31,,,,,,,,,,,,,,,Intellect 31,parsed,tooltip_unverified,
intellect,callOfTheStorm,STORMBRINGER,greater,1,578316,Greater Call of the Storm,,,,,31,,,,,,,,,,,,,,,Intellect 31,parsed,tooltip_unverified,
spirit,chromiesWisdom,CHRONOMANCER,single,1,801523,Chromie's Wisdom,Rank 1,,,,,10,,,,,,,,,,,,,,Spirit 10,parsed,tooltip_unverified,
spirit,chromiesWisdom,CHRONOMANCER,single,2,802827,Chromie's Wisdom,Rank 2,,,,,16,,,,,,,,,,,,,,Spirit 16,parsed,tooltip_unverified,
spirit,chromiesWisdom,CHRONOMANCER,single,3,802828,Chromie's Wisdom,Rank 3,,,,,23,,,,,,,,,,,,,,Spirit 23,parsed,tooltip_unverified,
spirit,chromiesWisdom,CHRONOMANCER,single,4,802829,Chromie's Wisdom,Rank 4,,,,,40,,,,,,,,,,,,,,Spirit 40,parsed,tooltip_unverified,
spirit,chromiesWisdom,CHRONOMANCER,single,5,802830,Chromie's Wisdom,Rank 5,,,,,50,,,,,,,,,,,,,,Spirit 50,parsed,tooltip_unverified,
spirit,chromiesWisdom,CHRONOMANCER,single,6,802831,Chromie's Wisdom,Rank 6,,,,,80,,,,,,,,,,,,,,Spirit 80,parsed,tooltip_unverified,
spirit,chromiesWisdom,CHRONOMANCER,single,7,802832,Chromie's Wisdom,Rank 7,,,,,80,,,,,,,,,,,,,,Spirit 80,parsed,tooltip_unverified,
spirit,chromiesWisdom,CHRONOMANCER,single,8,802833,Chromie's Wisdom,Rank 8,,,,,80,,,,,,,,,,,,,,Spirit 80,parsed,tooltip_unverified,
spirit,chromiesWisdom,CHRONOMANCER,single,9,802834,Chromie's Wisdom,Rank 9,,,,,80,,,,,,,,,,,,,,Spirit 80,parsed,tooltip_unverified,
spirit,chromiesWisdom,CHRONOMANCER,greater,1,680307,Greater Chromie's Wisdom,,,,,,40,,,,,,,,,,,,,,Spirit 40,parsed,tooltip_unverified,
spirit,spiritWuju,WITCHDOCTOR,single,1,560294,Spirit Wuju,Rank 1,,,,,3,,,,,,,,,,,,,5,Spirit 3; All Resist 5,parsed,tooltip_unverified,
spirit,spiritWuju,WITCHDOCTOR,single,2,561140,Spirit Wuju,Rank 2,,,,,17,,,,,,,,,,,,,5,Spirit 17; All Resist 5,parsed,tooltip_unverified,
spirit,spiritWuju,WITCHDOCTOR,single,3,561141,Spirit Wuju,Rank 3,,,,,23,,,,,,,,,,,,,10,Spirit 23; All Resist 10,parsed,tooltip_unverified,
spirit,spiritWuju,WITCHDOCTOR,single,4,561142,Spirit Wuju,Rank 4,,,,,40,,,,,,,,,,,,,20,Spirit 40; All Resist 20,parsed,tooltip_unverified,
spirit,spiritWuju,WITCHDOCTOR,single,5,561143,Spirit Wuju,Rank 5,,,,,50,,,,,,,,,,,,,25,Spirit 50; All Resist 25,parsed,tooltip_unverified,
spirit,spiritWuju,WITCHDOCTOR,greater,1,680872,Greater Spirit Wuju,,,,,,40,,,,,,,,,,,,,20,Spirit 40; All Resist 20,parsed,tooltip_unverified,
spirit,toxicPheromones,PROPHET,single,1,707689,Toxic Pheromones,Rank 1,,,,,,,28,,,,,,,,,,,,SP 28,parsed,tooltip_unverified,
spirit,toxicPheromones,PROPHET,single,2,707690,Toxic Pheromones,Rank 2,,,,,,,37,,,,,,,,,,,,SP 37,parsed,tooltip_unverified,
spirit,toxicPheromones,PROPHET,single,3,707691,Toxic Pheromones,Rank 3,,,,,,,49,,,,,,,,,,,,SP 49,parsed,tooltip_unverified,
spirit,toxicPheromones,PROPHET,single,4,707692,Toxic Pheromones,Rank 4,,,,,,,62,,,,,,,,,,,,SP 62,parsed,tooltip_unverified,
spirit,toxicPheromones,PROPHET,greater,1,712459,Greater Toxic Pheromones,,,,,,,,62,,,,,,,,,,,,SP 62,parsed,tooltip_unverified,
spirit,bloodsoakedOffering,SONOFARUGAL,single,1,572400,Bloodsoaked Offering,Rank 1,,,,,17,,,,,,,,,,,,,,Spirit 17,parsed,tooltip_unverified,
spirit,bloodsoakedOffering,SONOFARUGAL,single,2,572401,Bloodsoaked Offering,Rank 2,,,,,23,,,,,,,,,,,,,,Spirit 23,parsed,tooltip_unverified,
spirit,bloodsoakedOffering,SONOFARUGAL,single,3,572402,Bloodsoaked Offering,Rank 3,,,,,23,,,,,,,,,,,,,,Spirit 23,parsed,tooltip_unverified,
spirit,bloodsoakedOffering,SONOFARUGAL,single,4,572403,Bloodsoaked Offering,Rank 4,,,,,40,,,,,,,,,,,,,,Spirit 40,parsed,tooltip_unverified,
spirit,bloodsoakedOffering,SONOFARUGAL,greater,1,572404,Greater Bloodsoaked Offering,,,,,,40,,,,,,,,,,,,,,Spirit 40,parsed,tooltip_unverified,
attackPower,primalInstinct,WILDWALKER,single,1,800197,Primal Instinct,Rank 1,,,,,,30,,,,,,,,,,,,,AP 30,parsed,tooltip_unverified,
attackPower,primalInstinct,WILDWALKER,single,2,803315,Primal Instinct,Rank 2,,,,,,40,,,,,,,,,,,,,AP 40,parsed,tooltip_unverified,
attackPower,primalInstinct,WILDWALKER,single,3,803316,Primal Instinct,Rank 3,,,,,,55,,,,,,,,,,,,,AP 55,parsed,tooltip_unverified,
attackPower,primalInstinct,WILDWALKER,single,4,803317,Primal Instinct,Rank 4,,,,,,85,,,,,,,,,,,,,AP 85,parsed,tooltip_unverified,
attackPower,primalInstinct,WILDWALKER,single,5,803318,Primal Instinct,Rank 5,,,,,,130,,,,,,,,,,,,,AP 130,parsed,tooltip_unverified,
attackPower,primalInstinct,WILDWALKER,single,6,803319,Primal Instinct,Rank 6,,,,,,185,,,,,,,,,,,,,AP 185,parsed,tooltip_unverified,
attackPower,primalInstinct,WILDWALKER,single,7,573349,Primal Instinct,Rank 7,,,,,,232,,,,,,,,,,,,,AP 232,parsed,tooltip_unverified,
attackPower,primalInstinct,WILDWALKER,greater,1,680310,Greater Primal Instinct,,,,,,,232,,,,,,,,,,,,,AP 232,parsed,tooltip_unverified,
attackPower,woodsmansAdaptation,RANGER,single,1,800266,Woodsman's Adaptation,Rank 1,,,,,,30,,,,,,,,,,,,,AP 30,parsed,tooltip_unverified,
attackPower,woodsmansAdaptation,RANGER,single,2,803320,Woodsman's Adaptation,Rank 2,,,,,,35,,,,,,,,,,,,,AP 35,parsed,tooltip_unverified,
attackPower,woodsmansAdaptation,RANGER,single,3,803321,Woodsman's Adaptation,Rank 3,,,,,,55,,,,,,,,,,,,,AP 55,parsed,tooltip_unverified,
attackPower,woodsmansAdaptation,RANGER,single,4,803322,Woodsman's Adaptation,Rank 4,,,,,,85,,,,,,,,,,,,,AP 85,parsed,tooltip_unverified,
attackPower,woodsmansAdaptation,RANGER,single,5,803323,Woodsman's Adaptation,Rank 5,,,,,,130,,,,,,,,,,,,,AP 130,parsed,tooltip_unverified,
attackPower,woodsmansAdaptation,RANGER,single,6,803324,Woodsman's Adaptation,Rank 6,,,,,,185,,,,,,,,,,,,,AP 185,parsed,tooltip_unverified,
attackPower,woodsmansAdaptation,RANGER,single,7,803666,Woodsman's Adaptation,Rank 7,,,,,,232,,,,,,,,,,,,,AP 232,parsed,tooltip_unverified,
attackPower,woodsmansAdaptation,RANGER,greater,1,680294,Greater Woodsman's Adaptation,,,,,,,232,,,,,,,,,,,,,AP 232,parsed,tooltip_unverified,
attackPower,devotionOfDawn,SUNCLERIC,single,1,572384,Devotion of Dawn,Rank 1,,,,,,35,,,,,,,,,,,,,AP 35,parsed,tooltip_unverified,
attackPower,devotionOfDawn,SUNCLERIC,single,2,572385,Devotion of Dawn,Rank 2,,,,,,55,,,,,,,,,,,,,AP 55,parsed,tooltip_unverified,
attackPower,devotionOfDawn,SUNCLERIC,single,3,572386,Devotion of Dawn,Rank 3,,,,,,85,,,,,,,,,,,,,AP 85,parsed,tooltip_unverified,
attackPower,devotionOfDawn,SUNCLERIC,single,4,572387,Devotion of Dawn,Rank 4,,,,,,130,,,,,,,,,,,,,AP 130,parsed,tooltip_unverified,
attackPower,devotionOfDawn,SUNCLERIC,single,5,572388,Devotion of Dawn,Rank 5,,,,,,185,,,,,,,,,,,,,AP 185,parsed,tooltip_unverified,
attackPower,devotionOfDawn,SUNCLERIC,single,6,572389,Devotion of Dawn,Rank 6,,,,,,232,,,,,,,,,,,,,AP 232,parsed,tooltip_unverified,
attackPower,devotionOfDawn,SUNCLERIC,greater,1,572390,Greater Devotion of Dawn,,,,,,,232,,,,,,,,,,,,,AP 232,parsed,tooltip_unverified,
attackPower,powerModule,TINKER,single,1,706742,Power Module,Rank 1,,,,,,19,,,,,,,,,,,,,AP 19,parsed,tooltip_unverified,
attackPower,powerModule,TINKER,single,2,707346,Power Module,Rank 2,,,,,,35,,,,,,,,,,,,,AP 35,parsed,tooltip_unverified,
attackPower,powerModule,TINKER,single,3,707347,Power Module,Rank 3,,,,,,55,,,,,,,,,,,,,AP 55,parsed,tooltip_unverified,
attackPower,powerModule,TINKER,single,4,707348,Power Module,Rank 4,,,,,,85,,,,,,,,,,,,,AP 85,parsed,tooltip_unverified,
attackPower,powerModule,TINKER,single,5,707349,Power Module,Rank 5,,,,,,130,,,,,,,,,,,,,AP 130,parsed,tooltip_unverified,
attackPower,powerModule,TINKER,single,6,707350,Power Module,Rank 6,,,,,,185,,,,,,,,,,,,,AP 185,parsed,tooltip_unverified,
attackPower,powerModule,TINKER,single,7,707688,Power Module,Rank 7,,,,,,232,,,,,,,,,,,,,AP 232,parsed,tooltip_unverified,
attackPower,powerModule,TINKER,greater,1,680315,Greater Power Module,,,,,,,232,,,,,,,,,,,,,AP 232,parsed,tooltip_unverified,
attackPower,powerWuju,WITCHDOCTOR,single,1,707671,Power Wuju,Rank 1,,,,,,30,,,,,,,,,,,,,AP 30,parsed,tooltip_unverified,
attackPower,powerWuju,WITCHDOCTOR,single,2,707672,Power Wuju,Rank 2,,,,,,35,,,,,,,,,,,,,AP 35,parsed,tooltip_unverified,
attackPower,powerWuju,WITCHDOCTOR,single,3,707673,Power Wuju,Rank 3,,,,,,55,,,,,,,,,,,,,AP 55,parsed,tooltip_unverified,
attackPower,powerWuju,WITCHDOCTOR,single,4,707674,Power Wuju,Rank 4,,,,,,85,,,,,,,,,,,,,AP 85,parsed,tooltip_unverified,
attackPower,powerWuju,WITCHDOCTOR,single,5,707675,Power Wuju,Rank 5,,,,,,130,,,,,,,,,,,,,AP 130,parsed,tooltip_unverified,
attackPower,powerWuju,WITCHDOCTOR,single,6,707676,Power Wuju,Rank 6,,,,,,232,,,,,,,,,,,,,AP 232,parsed,tooltip_unverified,
attackPower,powerWuju,WITCHDOCTOR,single,7,707677,Power Wuju,Rank 7,,,,,,306,,,,,,,,,,,,,AP 306,parsed,tooltip_unverified,
attackPower,powerWuju,WITCHDOCTOR,greater,1,712458,Greater Power Wuju,,,,,,,232,,,,,,,,,,,,,AP 232,parsed,tooltip_unverified,
attackPower,beetlePheromones,PROPHET,single,1,803651,Beetle Pheromones,Rank 1,,,,,,,,105,4,,,,,,,,,,Armor 105; All Stats 4,parsed,tooltip_unverified,
attackPower,beetlePheromones,PROPHET,single,2,803652,Beetle Pheromones,Rank 2,,,,,,,,150,6,,,,,,,,,,Armor 150; All Stats 6,parsed,tooltip_unverified,
attackPower,beetlePheromones,PROPHET,single,3,803653,Beetle Pheromones,Rank 3,,,,,,,,195,6,,,,,,,,,,Armor 195; All Stats 6,parsed,tooltip_unverified,
attackPower,beetlePheromones,PROPHET,single,4,803654,Beetle Pheromones,Rank 4,,,,,,,,240,12,,,,,,,,,,Armor 240; All Stats 12,parsed,tooltip_unverified,
attackPower,beetlePheromones,PROPHET,single,5,803655,Beetle Pheromones,Rank 5,,,,,,,,285,12,,,,,,,,,,Armor 285; All Stats 12,parsed,tooltip_unverified,
attackPower,beetlePheromones,PROPHET,single,6,803656,Beetle Pheromones,Rank 6,,,,,,,,285,12,,,,,,,,,,Armor 285; All Stats 12,parsed,tooltip_unverified,
attackPower,beetlePheromones,PROPHET,greater,1,803657,Greater Beetle Pheromones,,,,,,,,,285,12,,,,,,,,,,Armor 285; All Stats 12,parsed,tooltip_unverified,
spellPower,whispersOfCthun,CULTIST,single,1,572791,Whispers of C'thun,Rank 1,,,,,,,37,,,,,,,,,,,,SP 37,parsed,tooltip_unverified,
spellPower,whispersOfCthun,CULTIST,single,2,572819,Whispers of C'thun,Rank 2,,,,,,,49,,,,,,,,,,,,SP 49,parsed,tooltip_unverified,
spellPower,whispersOfCthun,CULTIST,single,3,572905,Whispers of C'thun,Rank 3,,,,,,,62,,,,,,,,,,,,SP 62,parsed,tooltip_unverified,
spellPower,whispersOfCthun,CULTIST,greater,1,573067,Greater Whispers of C'thun,,,,,,,,62,,,,,,,,,,,,SP 62,parsed,tooltip_unverified,
spellPower,grimMandate,NECROMANCER,single,1,572787,Grim Mandate,Rank 1,,,,,,,37,,,,,,,,,,,,SP 37,parsed,tooltip_unverified,
spellPower,grimMandate,NECROMANCER,single,2,572788,Grim Mandate,Rank 2,,,,,,,35,,,,,,,,,,,,SP 35,parsed,tooltip_unverified,
spellPower,grimMandate,NECROMANCER,single,3,572789,Grim Mandate,Rank 3,,,,,,,49,,,,,,,,,,,,SP 49,parsed,tooltip_unverified,
spellPower,grimMandate,NECROMANCER,greater,1,572790,Greater Grim Mandate,,,,,,,,62,,,,,,,,,,,,SP 62,parsed,tooltip_unverified,
spellPower,devotionOfRadiance,SUNCLERIC,single,1,575040,Devotion of Radiance,Rank 1,,,,,,,28,,,,,,,,,,,,SP 28,parsed,tooltip_unverified,
spellPower,devotionOfRadiance,SUNCLERIC,single,2,575041,Devotion of Radiance,Rank 2,,,,,,,37,,,,,,,,,,,,SP 37,parsed,tooltip_unverified,
spellPower,devotionOfRadiance,SUNCLERIC,single,3,575042,Devotion of Radiance,Rank 3,,,,,,,49,,,,,,,,,,,,SP 49,parsed,tooltip_unverified,
spellPower,devotionOfRadiance,SUNCLERIC,single,4,575043,Devotion of Radiance,Rank 4,,,,,,,62,,,,,,,,,,,,SP 62,parsed,tooltip_unverified,
spellPower,devotionOfRadiance,SUNCLERIC,single,5,575044,Devotion of Radiance,Rank 5,,,,,,,73,,,,,,,,,,,,SP 73,parsed,tooltip_unverified,
spellPower,devotionOfRadiance,SUNCLERIC,greater,1,575045,Greater Devotion of Radiance,,,,,,,,62,,,,,,,,,,,,SP 62,parsed,tooltip_unverified,
spellPower,witchingEdict,WITCHHUNTER,single,1,707684,Witching Edict,Rank 1,,,,,,,25,,,,,,,,,,,,SP 25,parsed,tooltip_unverified,
spellPower,witchingEdict,WITCHHUNTER,single,2,707685,Witching Edict,Rank 2,,,,,,,37,,,,,,,,,,,,SP 37,parsed,tooltip_unverified,
spellPower,witchingEdict,WITCHHUNTER,single,3,707686,Witching Edict,Rank 3,,,,,,,49,,,,,,,,,,,,SP 49,parsed,tooltip_unverified,
spellPower,witchingEdict,WITCHHUNTER,single,4,707687,Witching Edict,Rank 4,,,,,,,62,,,,,,,,,,,,SP 62,parsed,tooltip_unverified,
spellPower,witchingEdict,WITCHHUNTER,greater,1,681442,Greater Witching Edict,,,,,,,,62,,,,,,,,,,,,SP 62,parsed,tooltip_unverified,
spellPower,toxicPheromones,PROPHET,single,1,707689,Toxic Pheromones,Rank 1,,,,,,,28,,,,,,,,,,,,SP 28,parsed,tooltip_unverified,
spellPower,toxicPheromones,PROPHET,single,2,707690,Toxic Pheromones,Rank 2,,,,,,,37,,,,,,,,,,,,SP 37,parsed,tooltip_unverified,
spellPower,toxicPheromones,PROPHET,single,3,707691,Toxic Pheromones,Rank 3,,,,,,,49,,,,,,,,,,,,SP 49,parsed,tooltip_unverified,
spellPower,toxicPheromones,PROPHET,single,4,707692,Toxic Pheromones,Rank 4,,,,,,,62,,,,,,,,,,,,SP 62,parsed,tooltip_unverified,
spellPower,toxicPheromones,PROPHET,greater,1,712459,Greater Toxic Pheromones,,,,,,,,62,,,,,,,,,,,,SP 62,parsed,tooltip_unverified,
spellPower,markOfBlaumeux,FLESHWARDEN,single,1,707693,Mark of Blaumeux,Rank 1,,,,,,,25,,,,,,,,,,,,SP 25,parsed,tooltip_unverified,
spellPower,markOfBlaumeux,FLESHWARDEN,single,2,707694,Mark of Blaumeux,Rank 2,,,,,,,30,,,,,,,,,,,,SP 30,parsed,tooltip_unverified,
spellPower,markOfBlaumeux,FLESHWARDEN,single,3,707695,Mark of Blaumeux,Rank 3,,,,,,,37,,,,,,,,,,,,SP 37,parsed,tooltip_unverified,
spellPower,markOfBlaumeux,FLESHWARDEN,single,4,707696,Mark of Blaumeux,Rank 4,,,,,,,49,,,,,,,,,,,,SP 49,parsed,tooltip_unverified,
spellPower,markOfBlaumeux,FLESHWARDEN,greater,1,712460,Greater Mark of Blaumeux,,,,,,,,62,,,,,,,,,,,,SP 62,parsed,tooltip_unverified,
percentStats,whispersOfNzoth,CULTIST,single,1,561386,Whispers of N'Zoth,,,,,,,,,,,10,,,,,,,,,All Stats 10%,parsed,tooltip_unverified,
percentStats,whispersOfNzoth,CULTIST,greater,1,561387,Greater Whispers of N'zoth,,,,,,,,,,,10,,,,,,,,,All Stats 10%,parsed,tooltip_unverified,
percentStats,devotionOfEmperors,SUNCLERIC,single,1,572552,Devotion of Emperors,,,,,,,,,,,10,,,,,,,,,All Stats 10%,parsed,tooltip_unverified,
percentStats,devotionOfEmperors,SUNCLERIC,greater,1,572553,Greater Devotion of Emperors,,,,,,,,,,,10,,,,,,,,,All Stats 10%,parsed,tooltip_unverified,
percentStats,crusadersOath,MONK,single,1,572629,Gift of Fervor,,,,,,,,,,,10,,,,,,,,,All Stats 10%,parsed,tooltip_unverified,
percentStats,crusadersOath,MONK,greater,1,572630,Greater Crusader's Oath,,,,,,,,,,,10,,,,,,,,,All Stats 10%,parsed,tooltip_unverified,
percentStats,etchingOfTheLeylines,SPIRITMAGE,single,1,561236,Etching of the Leylines,,,,,,,,,,,10,,,,,,,,,All Stats 10%,parsed,tooltip_unverified,
percentStats,etchingOfTheLeylines,SPIRITMAGE,greater,1,561242,Greater Etching of the Leylines,,,,,,,,,,,10,,,,,,,,,All Stats 10%,parsed,tooltip_unverified,
mana,devotionOfGrace,SUNCLERIC,single,1,800852,Devotion of Grace,Rank 1,,,,,,,,,,,5,5,,,,,,,MP5 5; Resource Cost 5%,parsed,tooltip_unverified,
mana,devotionOfGrace,SUNCLERIC,single,2,300858,Devotion of Grace,Rank 2,,,,,,,,,,,10,5,,,,,,,MP5 10; Resource Cost 5%,parsed,tooltip_unverified,
mana,devotionOfGrace,SUNCLERIC,single,3,300859,Devotion of Grace,Rank 3,,,,,,,,,,,15,5,,,,,,,MP5 15; Resource Cost 5%,parsed,tooltip_unverified,
mana,devotionOfGrace,SUNCLERIC,single,4,300862,Devotion of Grace,Rank 4,,,,,,,,,,,20,5,,,,,,,MP5 20; Resource Cost 5%,parsed,tooltip_unverified,
mana,devotionOfGrace,SUNCLERIC,single,5,300863,Devotion of Grace,Rank 5,,,,,,,,,,,25,5,,,,,,,MP5 25; Resource Cost 5%,parsed,tooltip_unverified,
mana,devotionOfGrace,SUNCLERIC,single,6,300864,Devotion of Grace,Rank 6,,,,,,,,,,,30,5,,,,,,,MP5 30; Resource Cost 5%,parsed,tooltip_unverified,
mana,devotionOfGrace,SUNCLERIC,single,7,300865,Devotion of Grace,Rank 7,,,,,,,,,,,33,5,,,,,,,MP5 33; Resource Cost 5%,parsed,tooltip_unverified,
mana,devotionOfGrace,SUNCLERIC,single,8,300866,Devotion of Grace,Rank 8,,,,,,,,,,,41,5,,,,,,,MP5 41; Resource Cost 5%,parsed,tooltip_unverified,
mana,devotionOfGrace,SUNCLERIC,greater,1,681160,Greater Devotion of Grace,,,,,,,,,,,,33,5,,,,,,,MP5 33; Resource Cost 5%,parsed,tooltip_unverified,
mana,etchingOfTheMagi,SPIRITMAGE,single,1,560295,Etching of the Magi,,,,,,,,,,,,,5,,,,,,,Resource Cost 5%,parsed,tooltip_unverified,
mana,etchingOfTheMagi,SPIRITMAGE,greater,1,561243,Greater Etching of the Magi,,,,,,,,,,,,,5,,,,,,,Resource Cost 5%,parsed,tooltip_unverified,
mana,resourcefulWuju,WITCHDOCTOR,single,1,578344,Resourceful Wuju,,,,,,,,,,,,,5,,,,,,,Resource Cost 5%,parsed,tooltip_unverified,
mana,resourcefulWuju,WITCHDOCTOR,greater,1,800195,Greater Resourceful Wuju,,,,,,,,,,,,,5,,,,,,,Resource Cost 5%,parsed,tooltip_unverified,
mana,whispersOfYshaarj,CULTIST,single,1,561389,Whispers of Y'shaarj,Rank 1,,,,,,,,,,,10,,,,,,,,MP5 10,parsed,tooltip_unverified,
mana,whispersOfYshaarj,CULTIST,single,2,561390,Whispers of Y'shaarj,Rank 2,,,,,,,,,,,20,,,,,,,,MP5 20,parsed,tooltip_unverified,
mana,whispersOfYshaarj,CULTIST,single,3,561391,Whispers of Y'shaarj,Rank 3,,,,,,,,,,,35,,,,,,,,MP5 35,parsed,tooltip_unverified,
mana,whispersOfYshaarj,CULTIST,greater,1,561392,Greater Whispers of Y'shaarj,,,,,,,,,,,,33,,,,,,,,MP5 33,parsed,tooltip_unverified,
mana,groveInstinct,WILDWALKER,single,1,572810,Grove Instinct,Rank 1,,,,,,,,,,,5,,,,,,,,MP5 5,parsed,tooltip_unverified,
mana,groveInstinct,WILDWALKER,single,2,572811,Grove Instinct,Rank 2,,,,,,,,,,,10,,,,,,,,MP5 10,parsed,tooltip_unverified,
mana,groveInstinct,WILDWALKER,single,3,572812,Grove Instinct,Rank 3,,,,,,,,,,,15,,,,,,,,MP5 15,parsed,tooltip_unverified,
mana,groveInstinct,WILDWALKER,single,4,572813,Grove Instinct,Rank 4,,,,,,,,,,,20,,,,,,,,MP5 20,parsed,tooltip_unverified,
mana,groveInstinct,WILDWALKER,single,5,572814,Grove Instinct,Rank 5,,,,,,,,,,,30,,,,,,,,MP5 30,parsed,tooltip_unverified,
mana,groveInstinct,WILDWALKER,single,6,572815,Grove Instinct,Rank 6,,,,,,,,,,,33,,,,,,,,MP5 33,parsed,tooltip_unverified,
mana,groveInstinct,WILDWALKER,single,7,572816,Grove Instinct,Rank 7,,,,,,,,,,,41,,,,,,,,MP5 41,parsed,tooltip_unverified,
mana,groveInstinct,WILDWALKER,greater,1,572817,Greater Grove Instinct,Rank 6,,,,,,,,,,,33,,,,,,,,MP5 33,parsed,tooltip_unverified,
mana,sealOfAlar,PYROMANCER,single,1,803649,Seal of Al'ar,Rank 1,,,,,,,,,,,10,,,,,,,,MP5 10,parsed,tooltip_unverified,
mana,sealOfAlar,PYROMANCER,single,2,803729,Seal of Al'ar,Rank 2,,,,,,,,,,,15,,,,,,,,MP5 15,parsed,tooltip_unverified,
mana,sealOfAlar,PYROMANCER,single,3,807704,Seal of Al'ar,Rank 3,,,,,,,,,,,20,,,,,,,,MP5 20,parsed,tooltip_unverified,
mana,sealOfAlar,PYROMANCER,single,4,807770,Seal of Al'ar,Rank 4,,,,,,,,,,,25,,,,,,,,MP5 25,parsed,tooltip_unverified,
mana,sealOfAlar,PYROMANCER,single,5,808012,Seal of Al'ar,Rank 5,,,,,,,,,,,33,,,,,,,,MP5 33,parsed,tooltip_unverified,
mana,sealOfAlar,PYROMANCER,greater,1,808060,Greater Seal of Al'ar,,,,,,,,,,,,33,,,,,,,,MP5 33,parsed,tooltip_unverified,
mana,callOfTheWind,STORMBRINGER,single,1,804018,Call of the Wind,Rank 1,,,,,,,,,,,10,,,,,,,,MP5 10,parsed,tooltip_unverified,
mana,callOfTheWind,STORMBRINGER,single,2,503319,Call of the Wind,Rank 2,,,,,,,,,,,15,,,,,,,,MP5 15,parsed,tooltip_unverified,
mana,callOfTheWind,STORMBRINGER,single,3,503320,Call of the Wind,Rank 3,,,,,,,,,,,20,,,,,,,,MP5 20,parsed,tooltip_unverified,
mana,callOfTheWind,STORMBRINGER,single,4,503321,Call of the Wind,Rank 4,,,,,,,,,,,25,,,,,,,,MP5 25,parsed,tooltip_unverified,
mana,callOfTheWind,STORMBRINGER,single,5,503322,Call of the Wind,Rank 5,,,,,,,,,,,30,,,,,,,,MP5 30,parsed,tooltip_unverified,
mana,callOfTheWind,STORMBRINGER,single,6,503323,Call of the Wind,Rank 6,,,,,,,,,,,33,,,,,,,,MP5 33,parsed,tooltip_unverified,
mana,callOfTheWind,STORMBRINGER,greater,1,680291,Greater Call of the Wind,,,,,,,,,,,,33,,,,,,,,MP5 33,parsed,tooltip_unverified,
mana,markOfZeliek,FLESHWARDEN,single,1,803671,Mark of Zeliek,,,,,,,,,,,,,5,60,,,,,,Resource Cost 5%; Arcane Resist 60,parsed,tooltip_unverified,
mana,markOfZeliek,FLESHWARDEN,greater,1,803731,Greater Mark of Zeliek,,,,,,,,,,,,,5,60,,,,,,Resource Cost 5%; Arcane Resist 60,parsed,tooltip_unverified,
mana,manaModule,TINKER,single,1,803658,Mana Module,Rank 1,,,,,,,,,,,10,,,,,,,,MP5 10,parsed,tooltip_unverified,
mana,manaModule,TINKER,single,2,803659,Mana Module,Rank 2,,,,,,,,,,,15,,,,,,,,MP5 15,parsed,tooltip_unverified,
mana,manaModule,TINKER,single,3,803660,Mana Module,Rank 3,,,,,,,,,,,20,,,,,,,,MP5 20,parsed,tooltip_unverified,
mana,manaModule,TINKER,single,4,803661,Mana Module,Rank 4,,,,,,,,,,,25,,,,,,,,MP5 25,parsed,tooltip_unverified,
mana,manaModule,TINKER,single,5,803662,Mana Module,Rank 5,,,,,,,,,,,30,,,,,,,,MP5 30,parsed,tooltip_unverified,
mana,manaModule,TINKER,single,6,803663,Mana Module,Rank 6,,,,,,,,,,,33,,,,,,,,MP5 33,parsed,tooltip_unverified,
mana,manaModule,TINKER,single,7,803664,Mana Module,Rank 7,,,,,,,,,,,41,,,,,,,,MP5 41,parsed,tooltip_unverified,
mana,manaModule,TINKER,greater,1,803665,Greater Mana Module,,,,,,,,,,,,33,,,,,,,,MP5 33,parsed,tooltip_unverified,
armorStats,manariIntuition,DEMONHUNTER,single,1,523478,Man'ari Intuition,Rank 1,,,,,,,,65,2,,,,,,,,,,Armor 65; All Stats 2,parsed,tooltip_unverified,
armorStats,manariIntuition,DEMONHUNTER,single,2,523479,Man'ari Intuition,Rank 2,,,,,,,,103,4,,,,,,,,,,Armor 103; All Stats 4,parsed,tooltip_unverified,
armorStats,manariIntuition,DEMONHUNTER,single,3,523480,Man'ari Intuition,Rank 3,,,,,,,,146,6,,,,,,,,,,Armor 146; All Stats 6,parsed,tooltip_unverified,
armorStats,manariIntuition,DEMONHUNTER,single,4,523481,Man'ari Intuition,Rank 4,,,,,,,,189,8,,,,,,,,,,Armor 189; All Stats 8,parsed,tooltip_unverified,
armorStats,manariIntuition,DEMONHUNTER,single,5,523482,Man'ari Intuition,Rank 5,,,,,,,,277,12,,,,,,,,,,Armor 277; All Stats 12,parsed,tooltip_unverified,
armorStats,manariIntuition,DEMONHUNTER,single,6,523483,Man'ari Intuition,Rank 6,,,,,,,,275,12,,,,,,,,,,Armor 275; All Stats 12,parsed,tooltip_unverified,
armorStats,manariIntuition,DEMONHUNTER,single,7,523484,Man'ari Intuition,Rank 7,,,,,,,,340,14,,,,,,,,,,Armor 340; All Stats 14,parsed,tooltip_unverified,
armorStats,manariIntuition,DEMONHUNTER,greater,1,523495,Greater Man'ari Intuition,,,,,,,,,285,12,,,,,,,,,,Armor 285; All Stats 12,parsed,tooltip_unverified,
armorStats,earthenEndurance,WILDWALKER,single,1,570752,Earthen Endurance,Rank 1,,,,,,,,150,6,,,,,,,,,5,Armor 150; All Stats 6; All Resist 5,parsed,tooltip_unverified,
armorStats,earthenEndurance,WILDWALKER,single,2,570753,Earthen Endurance,Rank 2,,,,,,,,195,8,,,,,,,,,10,Armor 195; All Stats 8; All Resist 10,parsed,tooltip_unverified,
armorStats,earthenEndurance,WILDWALKER,single,3,570754,Earthen Endurance,Rank 3,,,,,,,,240,10,,,,,,,,,15,Armor 240; All Stats 10; All Resist 15,parsed,tooltip_unverified,
armorStats,earthenEndurance,WILDWALKER,single,4,570755,Earthen Endurance,Rank 4,,,,,,,,285,12,,,,,,,,,20,Armor 285; All Stats 12; All Resist 20,parsed,tooltip_unverified,
armorStats,earthenEndurance,WILDWALKER,greater,1,570756,Greater Earthen Endurance,,,,,,,,,285,12,,,,,,,,,20,Armor 285; All Stats 12; All Resist 20,parsed,tooltip_unverified,
armorStats,footpadsAdaptation,RANGER,single,1,523489,Footpad's Adaptation,Rank 1,,,,,,,,105,4,,,,,,,,,,Armor 105; All Stats 4,parsed,tooltip_unverified,
armorStats,footpadsAdaptation,RANGER,single,2,523490,Footpad's Adaptation,Rank 2,,,,,,,,150,6,,,,,,,,,,Armor 150; All Stats 6,parsed,tooltip_unverified,
armorStats,footpadsAdaptation,RANGER,single,3,523491,Footpad's Adaptation,Rank 3,,,,,,,,195,8,,,,,,,,,,Armor 195; All Stats 8,parsed,tooltip_unverified,
armorStats,footpadsAdaptation,RANGER,single,4,523492,Footpad's Adaptation,Rank 4,,,,,,,,285,12,,,,,,,,,,Armor 285; All Stats 12,parsed,tooltip_unverified,
armorStats,footpadsAdaptation,RANGER,single,5,523493,Footpad's Adaptation,Rank 5,,,,,,,,285,12,,,,,,,,,,Armor 285; All Stats 12,parsed,tooltip_unverified,
armorStats,footpadsAdaptation,RANGER,single,6,523494,Footpad's Adaptation,Rank 6,,,,,,,,285,12,,,,,,,,,,Armor 285; All Stats 12,parsed,tooltip_unverified,
armorStats,footpadsAdaptation,RANGER,greater,1,523513,Greater Footpad's Adaptation,,,,,,,,,285,12,,,,,,,,,,Armor 285; All Stats 12,parsed,tooltip_unverified,
armorStats,beetlePheromones,PROPHET,single,1,803651,Beetle Pheromones,Rank 1,,,,,,,,105,4,,,,,,,,,,Armor 105; All Stats 4,parsed,tooltip_unverified,
armorStats,beetlePheromones,PROPHET,single,2,803652,Beetle Pheromones,Rank 2,,,,,,,,150,6,,,,,,,,,,Armor 150; All Stats 6,parsed,tooltip_unverified,
armorStats,beetlePheromones,PROPHET,single,3,803653,Beetle Pheromones,Rank 3,,,,,,,,195,6,,,,,,,,,,Armor 195; All Stats 6,parsed,tooltip_unverified,
armorStats,beetlePheromones,PROPHET,single,4,803654,Beetle Pheromones,Rank 4,,,,,,,,240,12,,,,,,,,,,Armor 240; All Stats 12,parsed,tooltip_unverified,
armorStats,beetlePheromones,PROPHET,single,5,803655,Beetle Pheromones,Rank 5,,,,,,,,285,12,,,,,,,,,,Armor 285; All Stats 12,parsed,tooltip_unverified,
armorStats,beetlePheromones,PROPHET,single,6,803656,Beetle Pheromones,Rank 6,,,,,,,,285,12,,,,,,,,,,Armor 285; All Stats 12,parsed,tooltip_unverified,
armorStats,beetlePheromones,PROPHET,greater,1,803657,Greater Beetle Pheromones,,,,,,,,,285,12,,,,,,,,,,Armor 285; All Stats 12,parsed,tooltip_unverified,
armorStats,knightsEdict,WITCHHUNTER,single,1,523485,Knight's Edict,Rank 1,,,,,,,,150,6,,,,,,,,,,Armor 150; All Stats 6,parsed,tooltip_unverified,
armorStats,knightsEdict,WITCHHUNTER,single,2,523486,Knight's Edict,Rank 2,,,,,,,,195,8,,,,,,,,,,Armor 195; All Stats 8,parsed,tooltip_unverified,
armorStats,knightsEdict,WITCHHUNTER,single,3,523487,Knight's Edict,Rank 3,,,,,,,,285,12,,,,,,,,,,Armor 285; All Stats 12,parsed,tooltip_unverified,
armorStats,knightsEdict,WITCHHUNTER,single,4,523488,Knight's Edict,Rank 4,,,,,,,,285,12,,,,,,,,,,Armor 285; All Stats 12,parsed,tooltip_unverified,
armorStats,knightsEdict,WITCHHUNTER,greater,1,523510,Greater Knight's Edict,,,,,,,,,285,12,,,,,,,,,,Armor 285; All Stats 12,parsed,tooltip_unverified,
